Images,Labels
0011_0100.JPG,0
0009_0053.JPG,0
0009_0011.JPG,0
0009_0252.JPG,0
0011_0096.JPG,0
0010_0039.JPG,0
0014_0082.JPG,1
0012_0255.JPG,1
0015_0051.JPG,1
0017_0153.JPG,1
0015_0025.JPG,1
0014_0085.JPG,1
0015_0074.JPG,1
0021_0033.JPG,1
0018_0030.JPG,1
0007_0163.JPG,0
0010_0093.JPG,0
0002_0186.JPG,0
0019_0239.JPG,1
0011_0002.JPG,0
0014_0245.JPG,1
0004_0128.JPG,0
0014_0116.JPG,1
0017_0319.JPG,1
0014_0215.JPG,1
0012_0219.JPG,1
0005_0277.JPG,1
0005_0007.JPG,0
0004_0043.JPG,0
0014_0190.JPG,1
0010_0147.JPG,0
0019_0195.JPG,1
0012_0121.JPG,1
0013_0097.JPG,1
0007_0240.JPG,0
0017_0213.JPG,1
0019_0255.JPG,1
0007_0124.JPG,0
0019_0123.JPG,1
0022_0077.JPG,1
0019_0024.JPG,1
0017_0078.JPG,1
0007_0167.JPG,0
0007_0202.JPG,0
0007_0152.JPG,0
0017_0288.JPG,1
0007_0071.JPG,0
0018_0090.JPG,1
0022_0071.JPG,1
0010_0062.JPG,0
0002_0091.JPG,0
0007_0003.JPG,0
0015_0049.JPG,1
0002_0157.JPG,0
0014_0065.JPG,1
0013_0055.JPG,1
0004_0232.JPG,0
0020_0068.JPG,1
0017_0281.JPG,1
0019_0107.JPG,1
0007_0049.JPG,0
0019_0149.JPG,1
0009_0082.JPG,0
0017_0016.JPG,1
0012_0184.JPG,1
0013_0010.JPG,1
0010_0054.JPG,0
0014_0211.JPG,1
0004_0132.JPG,0
0009_0214.JPG,0
0017_0168.JPG,1
0001_0102.JPG,0
0004_0172.JPG,0
0002_0140.JPG,0
0022_0005.JPG,1
0011_0033.JPG,0
0009_0003.JPG,0
0020_0052.JPG,1
0002_0075.JPG,0
0019_0207.JPG,1
0001_0143.JPG,0
0012_0111.JPG,1
0003_0137.JPG,0
0022_0119.JPG,1
0017_0207.JPG,1
0020_0120.JPG,1
0012_0018.JPG,1
0004_0033.JPG,0
0006_0045.JPG,0
0013_0217.JPG,1
0019_0132.JPG,1
0017_0282.JPG,1
0005_0231.JPG,0
0002_0179.JPG,0
0020_0194.JPG,1
0017_0111.JPG,1
0017_0272.JPG,1
0005_0199.JPG,0
0017_0093.JPG,1
0005_0070.JPG,0
0020_0261.JPG,1
0007_0236.JPG,0
0005_0006.JPG,0
0022_0098.JPG,1
0012_0056.JPG,1
0022_0040.JPG,1
0005_0271.JPG,1
0013_0185.JPG,1
0014_0142.JPG,1
0014_0045.JPG,1
0006_0070.JPG,0
0004_0163.JPG,0
0022_0002.JPG,0
0005_0045.JPG,0
0009_0243.JPG,0
0019_0003.JPG,1
0015_0066.JPG,1
0019_0258.JPG,1
0006_0008.JPG,0
0011_0030.JPG,0
0011_0088.JPG,0
0020_0014.JPG,0
0020_0174.JPG,1
0006_0129.JPG,1
0011_0048.JPG,0
0004_0078.JPG,0
0004_0151.JPG,0
0010_0102.JPG,0
0014_0094.JPG,1
0011_0013.JPG,0
0015_0060.JPG,1
0005_0102.JPG,0
0019_0098.JPG,1
0015_0038.JPG,1
0007_0015.JPG,0
0006_0025.JPG,0
0020_0007.JPG,1
0003_0176.JPG,0
0007_0205.JPG,0
0020_0090.JPG,1
0001_0011.JPG,0
0005_0239.JPG,0
0020_0186.JPG,1
0007_0026.JPG,0
0006_0083.JPG,0
0011_0019.JPG,0
0020_0197.JPG,1
0021_0065.JPG,1
0003_0167.JPG,0
0001_0052.JPG,0
0019_0030.JPG,1
0002_0182.JPG,0
0013_0096.JPG,1
0003_0123.JPG,0
0022_0093.JPG,1
0004_0276.JPG,0
0019_0104.JPG,1
0021_0037.JPG,1
0002_0063.JPG,0
0013_0212.JPG,1
0003_0091.JPG,0
0007_0212.JPG,0
0002_0073.JPG,0
0007_0227.JPG,0
0009_0095.JPG,0
0002_0217.JPG,0
0003_0058.JPG,0
0001_0031.JPG,0
0009_0253.JPG,0
0006_0006.JPG,0
0003_0141.JPG,0
0009_0077.JPG,0
0009_0195.JPG,0
0004_0109.JPG,0
0020_0126.JPG,1
0005_0075.JPG,0
0017_0294.JPG,1
0003_0004.JPG,0
0005_0096.JPG,0
0013_0180.JPG,1
0019_0186.JPG,1
0006_0007.JPG,0
0012_0231.JPG,1
0020_0016.JPG,1
0017_0184.JPG,1
0022_0049.JPG,1
0014_0155.JPG,1
0007_0018.JPG,0
0010_0090.JPG,1
0009_0276.JPG,0
0014_0199.JPG,1
0017_0094.JPG,1
0017_0280.JPG,1
0004_0245.JPG,0
0010_0087.JPG,1
0010_0141.JPG,0
0001_0005.JPG,0
0017_0248.JPG,1
0014_0097.JPG,1
0021_0011.JPG,1
0013_0015.JPG,0
0013_0172.JPG,1
0002_0008.JPG,1
0004_0092.JPG,0
0021_0043.JPG,1
0007_0073.JPG,0
0017_0170.JPG,1
0002_0079.JPG,0
0001_0001.JPG,0
0006_0107.JPG,0
0004_0205.JPG,0
0001_0075.JPG,0
0014_0132.JPG,1
0003_0049.JPG,0
0005_0261.JPG,0
0014_0089.JPG,1
0012_0214.JPG,1
0014_0110.JPG,1
0017_0008.JPG,1
0001_0012.JPG,0
0014_0035.JPG,1
0001_0025.JPG,0
0019_0029.JPG,1
0004_0275.JPG,0
0005_0064.JPG,0
0012_0187.JPG,1
0012_0071.JPG,1
0022_0104.JPG,1
0007_0270.JPG,0
0017_0051.JPG,0
0005_0177.JPG,0
0019_0088.JPG,1
0005_0134.JPG,0
0007_0315.JPG,0
0021_0075.JPG,1
0003_0117.JPG,0
0005_0211.JPG,0
0020_0023.JPG,1
0007_0224.JPG,0
0015_0108.JPG,1
0003_0105.JPG,0
0018_0095.JPG,1
0010_0027.JPG,0
0014_0252.JPG,1
0013_0122.JPG,1
0014_0217.JPG,1
0012_0009.JPG,1
0005_0269.JPG,0
0007_0252.JPG,0
0005_0052.JPG,0
0004_0218.JPG,0
0015_0022.JPG,1
0013_0232.JPG,1
0020_0092.JPG,1
0003_0121.JPG,0
0001_0022.JPG,0
0007_0096.JPG,0
0001_0067.JPG,0
0021_0064.JPG,1
0005_0004.JPG,0
0007_0102.JPG,0
0013_0190.JPG,1
0018_0055.JPG,1
0002_0111.JPG,0
0020_0184.JPG,1
0018_0121.JPG,1
0003_0066.JPG,0
0019_0043.JPG,1
0020_0209.JPG,1
0010_0075.JPG,0
0015_0059.JPG,1
0017_0099.JPG,1
0012_0085.JPG,1
0020_0051.JPG,1
0020_0077.JPG,1
0020_0265.JPG,1
0019_0257.JPG,1
0009_0017.JPG,0
0001_0167.JPG,0
0013_0208.JPG,1
0005_0247.JPG,0
0001_0018.JPG,0
0021_0047.JPG,1
0012_0126.JPG,1
0007_0294.JPG,0
0007_0295.JPG,0
0005_0150.JPG,0
0017_0304.JPG,1
0013_0138.JPG,1
0019_0061.JPG,1
0019_0245.JPG,1
0009_0258.JPG,0
0005_0210.JPG,0
0005_0140.JPG,0
0005_0033.JPG,0
0012_0157.JPG,1
0013_0099.JPG,1
0017_0143.JPG,1
0007_0274.JPG,0
0019_0248.JPG,1
0017_0195.JPG,1
0020_0050.JPG,1
0010_0025.JPG,0
0021_0017.JPG,1
0004_0231.JPG,0
0004_0216.JPG,0
0017_0236.JPG,1
0019_0216.JPG,1
0019_0155.JPG,1
0004_0264.JPG,0
0015_0079.JPG,1
0019_0190.JPG,1
0014_0200.JPG,1
0019_0263.JPG,1
0002_0013.JPG,0
0009_0159.JPG,0
0013_0224.JPG,1
0022_0065.JPG,1
0011_0051.JPG,0
0012_0259.JPG,1
0012_0039.JPG,1
0015_0083.JPG,1
0007_0047.JPG,0
0002_0131.JPG,0
0017_0157.JPG,1
0009_0278.JPG,0
0004_0125.JPG,0
0019_0128.JPG,1
0011_0077.JPG,0
0010_0016.JPG,0
0012_0078.JPG,1
0006_0081.JPG,0
0017_0344.JPG,0
0019_0249.JPG,1
0002_0009.JPG,0
0002_0211.JPG,0
0003_0125.JPG,0
0015_0130.JPG,1
0003_0035.JPG,0
0013_0127.JPG,1
0017_0079.JPG,1
0020_0114.JPG,1
0019_0164.JPG,1
0017_0330.JPG,1
0009_0207.JPG,0
0006_0056.JPG,0
0006_0028.JPG,0
0005_0093.JPG,0
0019_0261.JPG,1
0004_0052.JPG,0
0014_0233.JPG,1
0012_0185.JPG,1
0007_0122.JPG,0
0003_0108.JPG,0
0009_0263.JPG,0
0017_0298.JPG,1
0014_0038.JPG,1
0010_0010.JPG,0
0007_0247.JPG,0
0019_0244.JPG,1
0020_0002.JPG,1
0009_0234.JPG,0
0013_0041.JPG,1
0013_0196.JPG,1
0015_0124.JPG,1
0013_0007.JPG,1
0017_0237.JPG,1
0012_0115.JPG,1
0019_0151.JPG,1
0006_0068.JPG,0
0013_0177.JPG,1
0002_0083.JPG,0
0007_0182.JPG,0
0007_0123.JPG,0
0012_0242.JPG,1
0015_0013.JPG,1
0010_0070.JPG,0
0009_0168.JPG,0
0019_0235.JPG,1
0020_0198.JPG,1
0013_0091.JPG,1
0010_0120.JPG,0
0002_0003.JPG,0
0002_0082.JPG,0
0006_0128.JPG,0
0010_0021.JPG,0
0017_0208.JPG,1
0014_0078.JPG,1
0018_0070.JPG,1
0018_0102.JPG,0
0007_0305.JPG,0
0010_0071.JPG,1
0022_0112.JPG,1
0022_0103.JPG,1
0017_0118.JPG,1
0019_0057.JPG,1
0018_0005.JPG,1
0007_0091.JPG,0
0005_0176.JPG,0
0005_0236.JPG,0
0009_0249.JPG,0
0005_0136.JPG,0
0007_0010.JPG,0
0022_0030.JPG,1
0002_0126.JPG,0
0022_0020.JPG,1
0004_0265.JPG,0
0009_0102.JPG,0
0018_0084.JPG,0
0007_0142.JPG,0
0002_0172.JPG,0
0013_0154.JPG,1
0010_0049.JPG,0
0001_0088.JPG,0
0012_0108.JPG,1
0006_0078.JPG,0
0009_0237.JPG,0
0009_0286.JPG,0
0007_0105.JPG,0
0001_0110.JPG,0
0001_0036.JPG,0
0019_0069.JPG,1
0015_0023.JPG,1
0004_0194.JPG,0
0003_0071.JPG,0
0022_0042.JPG,1
0010_0073.JPG,0
0020_0069.JPG,1
0010_0048.JPG,0
0017_0086.JPG,1
0005_0138.JPG,0
0022_0111.JPG,1
0007_0002.JPG,0
0007_0068.JPG,0
0011_0076.JPG,0
0004_0123.JPG,0
0005_0015.JPG,0
0005_0163.JPG,0
0018_0048.JPG,1
0015_0039.JPG,1
0005_0257.JPG,0
0005_0178.JPG,0
0011_0003.JPG,0
0012_0086.JPG,1
0012_0074.JPG,1
0002_0092.JPG,0
0007_0303.JPG,0
0015_0070.JPG,1
0019_0027.JPG,1
0003_0083.JPG,0
0014_0146.JPG,1
0022_0080.JPG,1
0013_0079.JPG,1
0014_0234.JPG,1
0020_0054.JPG,1
0011_0075.JPG,0
0003_0132.JPG,0
0019_0275.JPG,1
0002_0029.JPG,0
0018_0020.JPG,1
0014_0241.JPG,1
0018_0120.JPG,1
0013_0156.JPG,1
0009_0100.JPG,0
0007_0133.JPG,0
0014_0160.JPG,1
0007_0056.JPG,0
0003_0143.JPG,0
0003_0069.JPG,0
0010_0056.JPG,0
0012_0051.JPG,1
0005_0149.JPG,0
0013_0020.JPG,1
0015_0052.JPG,1
0004_0210.JPG,0
0012_0145.JPG,1
0002_0205.JPG,0
0012_0038.JPG,1
0005_0016.JPG,0
0020_0006.JPG,1
0001_0147.JPG,0
0014_0086.JPG,1
0007_0153.JPG,0
0019_0148.JPG,1
0019_0044.JPG,1
0020_0059.JPG,1
0020_0219.JPG,1
0010_0078.JPG,0
0009_0033.JPG,0
0018_0043.JPG,1
0007_0033.JPG,0
0022_0045.JPG,1
0005_0252.JPG,0
0012_0088.JPG,1
0009_0065.JPG,0
0012_0103.JPG,1
0002_0078.JPG,0
0019_0060.JPG,1
0005_0160.JPG,0
0017_0034.JPG,1
0002_0071.JPG,0
0001_0004.JPG,0
0006_0102.JPG,0
0017_0244.JPG,1
0005_0108.JPG,0
0012_0133.JPG,0
0017_0095.JPG,1
0005_0187.JPG,0
0019_0019.JPG,1
0007_0216.JPG,0
0002_0160.JPG,0
0015_0123.JPG,1
0001_0027.JPG,0
0003_0144.JPG,0
0009_0213.JPG,0
0002_0150.JPG,0
0005_0254.JPG,0
0019_0093.JPG,1
0007_0131.JPG,0
0006_0001.JPG,0
0009_0250.JPG,0
0002_0098.JPG,0
0014_0071.JPG,1
0001_0124.JPG,0
0006_0113.JPG,0
0005_0127.JPG,0
0014_0023.JPG,1
0010_0026.JPG,0
0007_0243.JPG,0
0017_0155.JPG,1
0019_0260.JPG,1
0010_0136.JPG,0
0010_0154.JPG,0
0004_0180.JPG,0
0003_0016.JPG,0
0004_0065.JPG,0
0019_0198.JPG,1
0017_0146.JPG,1
0001_0071.JPG,0
0019_0041.JPG,1
0003_0012.JPG,0
0014_0042.JPG,1
0021_0071.JPG,1
0013_0119.JPG,1
0003_0158.JPG,0
0005_0024.JPG,0
0015_0132.JPG,1
0002_0105.JPG,0
0012_0130.JPG,1
0011_0101.JPG,0
0006_0018.JPG,0
0001_0163.JPG,0
0005_0221.JPG,0
0017_0250.JPG,1
0021_0049.JPG,1
0014_0040.JPG,1
0009_0180.JPG,0
0012_0260.JPG,1
0022_0004.JPG,1
0002_0086.JPG,0
0004_0202.JPG,0
0004_0174.JPG,0
0020_0076.JPG,1
0017_0302.JPG,1
0012_0055.JPG,1
0006_0009.JPG,0
0009_0226.JPG,0
0012_0082.JPG,1
0005_0099.JPG,0
0018_0012.JPG,1
0017_0219.JPG,1
0017_0064.JPG,0
0005_0030.JPG,0
0011_0063.JPG,0
0005_0027.JPG,0
0009_0007.JPG,0
0005_0088.JPG,0
0012_0258.JPG,1
0020_0131.JPG,1
0019_0053.JPG,1
0010_0105.JPG,0
0012_0047.JPG,1
0014_0159.JPG,1
0020_0049.JPG,1
0005_0077.JPG,0
0019_0042.JPG,1
0001_0164.JPG,0
0013_0133.JPG,1
0007_0325.JPG,0
0002_0069.JPG,0
0004_0110.JPG,0
0002_0220.JPG,0
0017_0251.JPG,1
0005_0168.JPG,0
0005_0205.JPG,0
0002_0061.JPG,0
0019_0002.JPG,1
0017_0109.JPG,1
0014_0041.JPG,1
0009_0281.JPG,0
0017_0180.JPG,0
0013_0207.JPG,1
0014_0181.JPG,1
0017_0136.JPG,1
0013_0203.JPG,1
0003_0054.JPG,0
0019_0219.JPG,1
0013_0120.JPG,1
0009_0046.JPG,0
0014_0244.JPG,1
0020_0193.JPG,1
0012_0083.JPG,1
0013_0186.JPG,1
0007_0041.JPG,0
0021_0027.JPG,1
0003_0031.JPG,0
0009_0235.JPG,0
0017_0060.JPG,1
0017_0216.JPG,1
0014_0246.JPG,1
0017_0063.JPG,1
0018_0003.JPG,1
0015_0092.JPG,1
0013_0014.JPG,1
0014_0127.JPG,1
0020_0205.JPG,1
0022_0102.JPG,1
0002_0051.JPG,0
0013_0110.JPG,1
0014_0101.JPG,1
0019_0058.JPG,1
0009_0174.JPG,0
0007_0328.JPG,0
0020_0134.JPG,1
0003_0129.JPG,0
0019_0247.JPG,1
0017_0072.JPG,1
0013_0132.JPG,0
0019_0180.JPG,1
0001_0002.JPG,0
0004_0235.JPG,0
0007_0272.JPG,0
0012_0057.JPG,1
0017_0203.JPG,1
0012_0151.JPG,1
0022_0114.JPG,1
0012_0026.JPG,1
0011_0068.JPG,0
0003_0078.JPG,0
0007_0159.JPG,0
0001_0057.JPG,0
0003_0140.JPG,0
0010_0149.JPG,0
0003_0077.JPG,0
0012_0013.JPG,1
0014_0212.JPG,1
0009_0018.JPG,0
0018_0082.JPG,1
0009_0157.JPG,0
0012_0253.JPG,1
0005_0019.JPG,0
0014_0075.JPG,1
0020_0095.JPG,1
0022_0032.JPG,1
0018_0039.JPG,1
0001_0006.JPG,1
0013_0047.JPG,1
0005_0109.JPG,0
0013_0209.JPG,1
0007_0162.JPG,0
0017_0276.JPG,1
0014_0051.JPG,1
0007_0014.JPG,0
0009_0057.JPG,0
0001_0084.JPG,0
0012_0020.JPG,1
0001_0009.JPG,0
0019_0101.JPG,1
0005_0133.JPG,0
0002_0022.JPG,0
0018_0041.JPG,1
0005_0049.JPG,0
0019_0225.JPG,1
0005_0148.JPG,0
0014_0111.JPG,1
0001_0037.JPG,0
0013_0187.JPG,1
0017_0246.JPG,1
0013_0080.JPG,1
0013_0012.JPG,1
0010_0097.JPG,0
0007_0190.JPG,0
0020_0142.JPG,1
0004_0119.JPG,0
0005_0157.JPG,0
0009_0041.JPG,0
0002_0132.JPG,0
0005_0084.JPG,0
0017_0088.JPG,1
0007_0197.JPG,0
0002_0012.JPG,0
0012_0222.JPG,1
0004_0241.JPG,0
0006_0023.JPG,0
0007_0119.JPG,0
0010_0129.JPG,0
0020_0167.JPG,1
0009_0022.JPG,0
0010_0052.JPG,0
0018_0086.JPG,1
0020_0107.JPG,1
0006_0033.JPG,0
0012_0120.JPG,1
0018_0116.JPG,0
0002_0119.JPG,0
0012_0043.JPG,1
0017_0242.JPG,1
0012_0167.JPG,1
0007_0001.JPG,0
0014_0120.JPG,1
0006_0052.JPG,0
0013_0035.JPG,1
0007_0039.JPG,0
0006_0050.JPG,0
0007_0140.JPG,0
0002_0152.JPG,0
0010_0146.JPG,0
0007_0095.JPG,0
0007_0223.JPG,0
0007_0233.JPG,0
0013_0076.JPG,1
0022_0044.JPG,1
0006_0040.JPG,0
0005_0256.JPG,0
0006_0059.JPG,0
0004_0152.JPG,0
0007_0161.JPG,0
0020_0181.JPG,1
0019_0092.JPG,1
0021_0036.JPG,0
0006_0089.JPG,0
0013_0218.JPG,1
0014_0084.JPG,1
0017_0092.JPG,1
0012_0230.JPG,1
0007_0268.JPG,0
0009_0241.JPG,0
0009_0118.JPG,0
0013_0197.JPG,1
0017_0030.JPG,1
0014_0057.JPG,1
0007_0058.JPG,0
0012_0248.JPG,0
0014_0191.JPG,1
0017_0003.JPG,1
0002_0030.JPG,0
0021_0072.JPG,1
0007_0030.JPG,0
0004_0251.JPG,0
0014_0148.JPG,1
0007_0201.JPG,0
0014_0210.JPG,1
0004_0233.JPG,0
0015_0089.JPG,1
0017_0065.JPG,1
0014_0154.JPG,1
0007_0208.JPG,0
0007_0181.JPG,0
0018_0044.JPG,1
0004_0118.JPG,0
0007_0196.JPG,0
0005_0223.JPG,0
0002_0208.JPG,0
0002_0167.JPG,0
0009_0083.JPG,0
0011_0092.JPG,0
0012_0015.JPG,1
0014_0126.JPG,1
0015_0141.JPG,1
0011_0021.JPG,0
0019_0192.JPG,1
0003_0118.JPG,0
0017_0090.JPG,1
0004_0156.JPG,0
0001_0076.JPG,0
0004_0074.JPG,0
0002_0158.JPG,0
0014_0243.JPG,1
0009_0090.JPG,0
0003_0149.JPG,0
0014_0037.JPG,1
0009_0182.JPG,0
0007_0222.JPG,0
0014_0080.JPG,1
0010_0068.JPG,1
0019_0134.JPG,1
0005_0206.JPG,0
0009_0222.JPG,0
0004_0260.JPG,0
0006_0005.JPG,0
0019_0086.JPG,1
0013_0005.JPG,0
0002_0169.JPG,0
0002_0163.JPG,0
0012_0065.JPG,1
0017_0287.JPG,0
0020_0225.JPG,1
0010_0045.JPG,0
0006_0066.JPG,0
0006_0065.JPG,0
0021_0045.JPG,1
0022_0060.JPG,1
0019_0037.JPG,1
0012_0228.JPG,1
0019_0070.JPG,1
0004_0158.JPG,0
0014_0249.JPG,1
0014_0029.JPG,1
0017_0127.JPG,1
0014_0228.JPG,1
0014_0149.JPG,1
0012_0246.JPG,1
0018_0016.JPG,1
0012_0137.JPG,1
0007_0287.JPG,0
0010_0099.JPG,0
0014_0103.JPG,1
0012_0149.JPG,1
0003_0050.JPG,0
0007_0171.JPG,0
0019_0111.JPG,1
0012_0143.JPG,1
0007_0249.JPG,0
0006_0062.JPG,0
0022_0037.JPG,1
0013_0100.JPG,1
0017_0179.JPG,1
0009_0153.JPG,0
0017_0017.JPG,1
0005_0259.JPG,0
0020_0210.JPG,1
0014_0238.JPG,1
0017_0297.JPG,1
0002_0032.JPG,0
0007_0019.JPG,0
0002_0145.JPG,0
0006_0010.JPG,0
0019_0139.JPG,1
